image,bucket,n_gt,tp,fp,fn,tp_score_mean,fp_score_mean,fp_score_max,fp_score_min
fpe02_18122021___Fer_FPE02_18122021_672922_9970845_672932_9970855.jpg,sparse_1-2,2,2,0,0,0.999988853931427,,,
fpe02_18122021___Fer_FPE02_18122021_672922_9970864_672932_9970874.jpg,medium_3-10,4,3,0,1,0.9999956289927164,,,
fpe02_18122021___Fer_FPE02_18122021_672941_9970912_672951_9970922.jpg,sparse_1-2,2,2,0,0,0.9999853372573853,,,
fpe02_18122021___Fer_FPE02_18122021_672951_9970884_672960_9970893.jpg,sparse_1-2,1,1,2,0,0.9999974966049194,0.745349794626236,0.9997408986091614,0.4909586906433105
fpe02_18122021___Fer_FPE02_18122021_672951_9970903_672960_9970912.jpg,sparse_1-2,1,1,0,0,0.999998927116394,,,
fpe02_18122021___Fer_FPE02_18122021_672960_9970884_672970_9970893.jpg,sparse_1-2,2,2,2,0,0.9999977946281433,0.9790096879005432,0.9996687173843384,0.958350658416748
fpe02_18122021___Fer_FPE02_18122021_672960_9970893_672970_9970903.jpg,dense_11+,17,13,0,4,0.9999758967986474,,,
fpe02_18122021___Fer_FPE02_18122021_672960_9970903_672970_9970912.jpg,dense_11+,86,77,0,9,0.9999768617865327,,,
fpe02_18122021___Fer_FPE02_18122021_672960_9970912_672970_9970922.jpg,sparse_1-2,1,1,0,0,0.9999045133590698,,,
fpe02_18122021___Fer_FPE02_18122021_672970_9970884_672980_9970893.jpg,medium_3-10,7,7,0,0,0.9999977690832955,,,
fpe02_18122021___Fer_FPE02_18122021_672970_9970893_672980_9970903.jpg,medium_3-10,4,4,1,0,0.9999963939189911,0.1309325844049453,0.1309325844049453,0.1309325844049453
fpe02_18122021___Fer_FPE02_18122021_672970_9970903_672980_9970912.jpg,sparse_1-2,2,2,0,0,0.9998756945133209,,,
fpe02_18122021___Fer_FPE02_18122021_672970_9970912_672980_9970922.jpg,sparse_1-2,1,1,1,0,0.9997910857200624,0.999835968017578,0.999835968017578,0.999835968017578
fpe02_18122021___Fer_FPE02_18122021_672980_9970903_672989_9970912.jpg,sparse_1-2,1,1,0,0,0.999995231628418,,,
fpe02_18122021___Fer_FPE02_18122021_672980_9970912_672989_9970922.jpg,sparse_1-2,1,1,0,0,0.7042644619941711,,,
fpe02_18122021___Fer_FPE02_18122021_672989_9970855_672999_9970864.jpg,medium_3-10,4,3,0,1,0.9999930461247762,,,
fpe02_18122021___Fer_FPE02_18122021_672989_9970864_672999_9970874.jpg,medium_3-10,10,10,1,0,0.9999950170516968,0.9793420433998108,0.9793420433998108,0.9793420433998108
fpe02_18122021___Fer_FPE02_18122021_672989_9970874_672999_9970884.jpg,sparse_1-2,2,2,1,0,0.9959990084171295,0.0046728011220693,0.0046728011220693,0.0046728011220693
fpe02_18122021___Fer_FPE02_18122021_672989_9970912_672999_9970922.jpg,medium_3-10,3,3,0,0,0.9999945163726807,,,
fpe02_18122021___Fer_FPE02_18122021_672999_9970855_673008_9970864.jpg,sparse_1-2,1,1,0,0,0.9999972581863404,,,
fpe02_18122021___Fer_FPE02_18122021_672999_9970864_673008_9970874.jpg,medium_3-10,4,4,1,0,0.9999983906745911,0.9859372973442078,0.9859372973442078,0.9859372973442078
fpe02_18122021___Fer_FPE02_18122021_673018_9970817_673027_9970826.jpg,medium_3-10,4,4,0,0,0.9439621865749359,,,
fpe02_18122021___Fer_FPE02_18122021_673018_9970864_673027_9970874.jpg,sparse_1-2,1,1,0,0,0.9999796152114868,,,
fpe02_18122021___Fer_FPE02_18122021_673037_9970826_673046_9970836.jpg,medium_3-10,3,2,0,1,0.999991476535797,,,
fpe02_18122021___Fer_FPE02_18122021_673046_9970817_673056_9970826.jpg,dense_11+,30,27,0,3,0.9993905932814987,,,
fpe02_18122021___Fer_FPE02_18122021_673046_9970826_673056_9970836.jpg,dense_11+,49,49,0,0,0.999940884356596,,,
fpe02_18122021___Fer_FPE02_18122021_673046_9970836_673056_9970845.jpg,medium_3-10,10,10,0,0,0.9999822616577149,,,
fpe02_18122021___Fer_FPE02_18122021_673046_9970903_673056_9970912.jpg,medium_3-10,3,3,0,0,0.999943733215332,,,
fpe02_18122021___Fer_FPE02_18122021_673056_9970817_673065_9970826.jpg,dense_11+,52,50,0,2,0.9999056279659271,,,
fpe02_18122021___Fer_FPE02_18122021_673056_9970826_673065_9970836.jpg,medium_3-10,6,6,0,0,0.8946451097726822,,,
fpe02_18122021___Fer_FPE02_18122021_673056_9970836_673065_9970845.jpg,medium_3-10,3,3,0,0,0.9989973902702332,,,
fpe02_18122021___Fer_FPE02_18122021_673056_9970845_673065_9970855.jpg,dense_11+,11,11,0,0,0.9999908750707452,,,
fpe02_18122021___Fer_FPE02_18122021_673056_9970855_673065_9970864.jpg,sparse_1-2,2,2,1,0,0.9993197619915009,0.5417272448539734,0.5417272448539734,0.5417272448539734
fpe02_18122021___Fer_FPE02_18122021_673056_9970874_673065_9970884.jpg,medium_3-10,3,3,0,0,0.9999328255653381,,,
fpe02_18122021___Fer_FPE02_18122021_673056_9970903_673065_9970912.jpg,sparse_1-2,1,1,0,0,0.9999905824661256,,,
fpe02_18122021___Fer_FPE02_18122021_673065_9970855_673075_9970864.jpg,medium_3-10,3,2,1,1,0.999432384967804,0.9993391633033752,0.9993391633033752,0.9993391633033752
fpe02_18122021___Fer_FPE02_18122021_673065_9970864_673075_9970874.jpg,medium_3-10,4,4,0,0,0.9999958574771881,,,
fpe02_18122021___Fer_FPE02_18122021_673065_9970884_673075_9970893.jpg,sparse_1-2,1,1,4,0,0.9999494552612304,0.49807824939489365,0.9980960488319396,0.178922027349472
fpe02_18122021___Fer_FPE02_18122021_673065_9970893_673075_9970903.jpg,sparse_1-2,1,1,0,0,0.999987244606018,,,
fpe02_18122021___Fer_FPE02_18122021_673075_9970855_673084_9970864.jpg,sparse_1-2,1,1,0,0,0.9999940395355223,,,
fpe02_18122021___Fer_FPE02_18122021_673075_9970864_673084_9970874.jpg,medium_3-10,4,3,0,1,0.9999940792719523,,,
fpe02_18122021___Fer_FPE02_18122021_673075_9970874_673084_9970884.jpg,dense_11+,63,50,1,13,0.9836165547370911,0.9999821186065674,0.9999821186065674,0.9999821186065674
fpe02_18122021___Fer_FPE02_18122021_673075_9970884_673084_9970893.jpg,sparse_1-2,2,2,0,0,0.9999916553497314,,,
fpe02_18122021___Fer_FPE02_18122021_673075_9970893_673084_9970903.jpg,medium_3-10,6,6,1,0,0.9999696811040243,0.997583270072937,0.997583270072937,0.997583270072937
fpe02_18122021___Fer_FPE02_18122021_673084_9970817_673094_9970826.jpg,sparse_1-2,1,1,1,0,0.9999954700469972,0.9946765899658204,0.9946765899658204,0.9946765899658204
fpe02_18122021___Fer_FPE02_18122021_673084_9970826_673094_9970836.jpg,sparse_1-2,2,2,0,0,0.9999979138374329,,,
fpe02_18122021___Fer_FPE02_18122021_673084_9970836_673094_9970845.jpg,sparse_1-2,1,1,0,0,0.999974250793457,,,
fpe02_18122021___Fer_FPE02_18122021_673084_9970864_673094_9970874.jpg,sparse_1-2,2,2,0,0,0.9999943375587463,,,
fpe02_18122021___Fer_FPE02_18122021_673084_9970874_673094_9970884.jpg,dense_11+,17,16,2,1,0.9999959692358971,0.9572247564792633,0.9987842440605164,0.9156652688980104
fpe02_18122021___Fer_FPE02_18122021_673084_9970884_673094_9970893.jpg,dense_11+,30,22,0,8,0.976282608779994,,,
fpe02_18122021___Fer_FPE02_18122021_673084_9970903_673094_9970912.jpg,sparse_1-2,1,1,1,0,0.9999997615814208,0.122955210506916,0.122955210506916,0.122955210506916
fpe02_18122021___Fer_FPE02_18122021_673094_9970807_673104_9970817.jpg,sparse_1-2,1,1,0,0,0.9999412298202516,,,
fpe02_18122021___Fer_FPE02_18122021_673094_9970817_673104_9970826.jpg,sparse_1-2,2,1,0,1,0.9999971389770508,,,
fpe02_18122021___Fer_FPE02_18122021_673094_9970836_673104_9970845.jpg,medium_3-10,3,2,0,1,0.9999977350234985,,,
fpe02_18122021___Fer_FPE02_18122021_673094_9970864_673104_9970874.jpg,sparse_1-2,2,1,0,1,0.9999942779541016,,,
fpe02_18122021___Fer_FPE02_18122021_673094_9970874_673104_9970884.jpg,dense_11+,147,134,1,13,0.9999056974453713,0.8253816366195679,0.8253816366195679,0.8253816366195679
fpe02_18122021___Fer_FPE02_18122021_673094_9970884_673104_9970893.jpg,dense_11+,59,53,1,6,0.9999872581014093,0.9999784231185912,0.9999784231185912,0.9999784231185912
fpe02_18122021___Fer_FPE02_18122021_673104_9970788_673113_9970798.jpg,sparse_1-2,1,1,0,0,0.9999905824661256,,,
fpe02_18122021___Fer_FPE02_18122021_673104_9970798_673113_9970807.jpg,sparse_1-2,1,1,0,0,0.9999982118606568,,,
fpe02_18122021___Fer_FPE02_18122021_673104_9970817_673113_9970826.jpg,sparse_1-2,1,1,0,0,0.9999914169311525,,,
fpe02_18122021___Fer_FPE02_18122021_673104_9970826_673113_9970836.jpg,dense_11+,12,9,2,3,0.9999946885638766,0.4073348492383957,0.5532144904136658,0.2614552080631256
fpe02_18122021___Fer_FPE02_18122021_673104_9970836_673113_9970845.jpg,dense_11+,19,19,0,0,0.999997151525397,,,
fpe02_18122021___Fer_FPE02_18122021_673104_9970845_673113_9970855.jpg,dense_11+,18,16,0,2,0.9999993816018105,,,
fpe02_18122021___Fer_FPE02_18122021_673104_9970864_673113_9970874.jpg,sparse_1-2,2,2,0,0,0.9999978542327881,,,
fpe02_18122021___Fer_FPE02_18122021_673104_9970874_673113_9970884.jpg,dense_11+,42,37,3,5,0.9999544749388823,0.9998127023379008,0.9999330043792723,0.9995784163475036
fpe02_18122021___Fer_FPE02_18122021_673104_9970884_673113_9970893.jpg,dense_11+,76,68,1,8,0.9999816812136594,0.997819185256958,0.997819185256958,0.997819185256958
fpe02_18122021___Fer_FPE02_18122021_673113_9970817_673123_9970826.jpg,sparse_1-2,2,2,1,0,0.9999946355819702,0.278544545173645,0.278544545173645,0.278544545173645
fpe02_18122021___Fer_FPE02_18122021_673113_9970836_673123_9970845.jpg,medium_3-10,6,6,0,0,0.9999979337056478,,,
fpe02_18122021___Fer_FPE02_18122021_673113_9970845_673123_9970855.jpg,dense_11+,13,11,1,2,0.9999945055354725,0.0447124689817428,0.0447124689817428,0.0447124689817428
fpe02_18122021___Fer_FPE02_18122021_673113_9970855_673123_9970864.jpg,sparse_1-2,1,1,0,0,0.999987244606018,,,
fpe02_18122021___Fer_FPE02_18122021_673113_9970874_673123_9970884.jpg,medium_3-10,8,8,0,0,0.9999864548444748,,,
fpe02_18122021___Fer_FPE02_18122021_673123_9970788_673132_9970798.jpg,sparse_1-2,2,2,1,0,0.9999975562095642,0.9999741315841676,0.9999741315841676,0.9999741315841676
fpe02_18122021___Fer_FPE02_18122021_673123_9970817_673132_9970826.jpg,sparse_1-2,2,2,0,0,0.9999961256980896,,,
fpe02_18122021___Fer_FPE02_18122021_673132_9970788_673142_9970798.jpg,sparse_1-2,1,1,3,0,0.9999974966049194,0.7072562823692956,0.9999668598175048,0.1218720823526382
fpe02_18122021___Fer_FPE02_18122021_673132_9970798_673142_9970807.jpg,sparse_1-2,1,1,0,0,0.9999974966049194,,,
fpe02_18122021___Fer_FPE02_18122021_673132_9970807_673142_9970817.jpg,sparse_1-2,1,1,1,0,0.9999958276748656,0.5524231195449829,0.5524231195449829,0.5524231195449829
fpe02_18122021___Fer_FPE02_18122021_673132_9970817_673142_9970826.jpg,sparse_1-2,2,2,0,0,0.9999704957008362,,,
fpe02_18122021___Fer_FPE02_18122021_673132_9970826_673142_9970836.jpg,medium_3-10,5,5,0,0,0.999989676475525,,,
fpe02_18122021___Fer_FPE02_18122021_673132_9970836_673142_9970845.jpg,sparse_1-2,1,1,1,0,0.9999997615814208,0.5296949744224548,0.5296949744224548,0.5296949744224548
fpe02_18122021___Fer_FPE02_18122021_673132_9970855_673142_9970864.jpg,medium_3-10,6,6,0,0,0.9999892115592957,,,
fpe02_18122021___Fer_FPE02_18122021_673132_9970874_673142_9970884.jpg,sparse_1-2,1,1,0,0,0.99995756149292,,,
fpe02_18122021___Fer_FPE02_18122021_673142_9970788_673151_9970798.jpg,sparse_1-2,1,1,0,0,0.999996781349182,,,
fpe02_18122021___Fer_FPE02_18122021_673142_9970807_673151_9970817.jpg,sparse_1-2,2,2,0,0,0.9999963641166686,,,
fpe02_18122021___Fer_FPE02_18122021_673142_9970817_673151_9970826.jpg,sparse_1-2,2,2,0,0,0.9998641312122346,,,
fpe02_18122021___Fer_FPE02_18122021_673142_9970845_673151_9970855.jpg,sparse_1-2,1,1,0,0,0.9999730587005616,,,
fpe02_18122021___Fer_FPE02_18122021_673142_9970855_673151_9970864.jpg,sparse_1-2,1,0,1,1,,,,
fpe02_18122021___Fer_FPE02_18122021_673151_9970788_673161_9970798.jpg,sparse_1-2,1,1,0,0,0.9999653100967408,,,
fpe02_18122021___Fer_FPE02_18122021_673151_9970807_673161_9970817.jpg,medium_3-10,3,3,1,0,0.9997674822807312,0.7256292104721069,0.7256292104721069,0.7256292104721069
fpe02_18122021___Fer_FPE02_18122021_673151_9970817_673161_9970826.jpg,sparse_1-2,2,2,0,0,0.999112457036972,,,
fpe02_18122021___Fer_FPE02_18122021_673151_9970855_673161_9970864.jpg,sparse_1-2,1,1,1,0,0.9999526739120485,0.9955852031707764,0.9955852031707764,0.9955852031707764
fpe02_18122021___Fer_FPE02_18122021_673151_9970864_673161_9970874.jpg,medium_3-10,4,4,0,0,0.9999965131282806,,,
fpe02_18122021___Fer_FPE02_18122021_673161_9970836_673170_9970845.jpg,sparse_1-2,2,1,0,1,0.9999792575836182,,,
fpe02_18122021___Fer_FPE02_18122021_673161_9970845_673170_9970855.jpg,sparse_1-2,1,1,1,0,0.9999912977218628,0.7687328457832336,0.7687328457832336,0.7687328457832336
fpe02_18122021___Fer_FPE02_18122021_673161_9970855_673170_9970864.jpg,medium_3-10,6,6,0,0,0.9999709526697794,,,
isa_ispvr04_17122021___Isa_ISPVR04_17122021_659198_9995154_659205_9995161.jpg,sparse_1-2,2,2,2,0,0.9999892115592957,0.3770928736776113,0.7376039624214172,0.0165817849338054
isa_ispvr04_17122021___Isa_ISPVR04_17122021_659198_9995161_659205_9995169.jpg,medium_3-10,3,2,1,1,0.9846174120903016,0.9689443111419678,0.9689443111419678,0.9689443111419678
isa_ispvr04_17122021___Isa_ISPVR04_17122021_659198_9995169_659205_9995176.jpg,sparse_1-2,2,1,0,1,0.9999982118606568,,,
isa_ispvr04_17122021___Isa_ISPVR04_17122021_659205_9995154_659212_9995161.jpg,medium_3-10,5,5,0,0,0.8127845004200935,,,
isa_ispvr04_17122021___Isa_ISPVR04_17122021_659205_9995161_659212_9995169.jpg,medium_3-10,3,3,0,0,0.9975319703420004,,,
isa_ispvr04_17122021___Isa_ISPVR04_17122021_659205_9995169_659212_9995176.jpg,sparse_1-2,2,2,0,0,0.9999948740005493,,,
isa_ispvr04_17122021___Isa_ISPVR04_17122021_659212_9995139_659220_9995146.jpg,dense_11+,11,11,7,0,0.9707276550206271,0.689337818218129,0.9999998807907104,0.0320085920393466
isa_ispvr04_17122021___Isa_ISPVR04_17122021_659212_9995146_659220_9995154.jpg,medium_3-10,9,5,2,4,0.9974833965301514,0.8627979159355164,0.9999923706054688,0.725603461265564
isa_ispvr04_17122021___Isa_ISPVR04_17122021_659212_9995154_659220_9995161.jpg,sparse_1-2,2,1,1,1,0.999993085861206,0.3461631834506988,0.3461631834506988,0.3461631834506988
isa_ispvr04_17122021___Isa_ISPVR04_17122021_659212_9995161_659220_9995169.jpg,medium_3-10,6,3,2,3,0.9999999205271403,0.23147005634382367,0.4486088156700134,0.0143312970176339
isa_ispvr04_17122021___Isa_ISPVR04_17122021_659212_9995169_659220_9995176.jpg,medium_3-10,9,8,0,1,0.9954634234309196,,,
isa_ispvr04_17122021___Isa_ISPVR04_17122021_659212_9995176_659220_9995184.jpg,medium_3-10,5,3,0,2,0.9684789578119913,,,
isa_ispvr04_17122021___Isa_ISPVR04_17122021_659212_9995184_659220_9995191.jpg,sparse_1-2,1,1,0,0,0.9999983310699464,,,
isa_ispvr04_17122021___Isa_ISPVR04_17122021_659220_9995132_659227_9995139.jpg,medium_3-10,6,3,1,3,0.9999605019887289,0.3131290972232818,0.3131290972232818,0.3131290972232818
isa_ispvr04_17122021___Isa_ISPVR04_17122021_659220_9995139_659227_9995146.jpg,dense_11+,11,9,0,2,0.9999987416797214,,,
isa_ispvr04_17122021___Isa_ISPVR04_17122021_659220_9995146_659227_9995154.jpg,dense_11+,24,16,1,8,0.9999938830733299,0.99995219707489,0.99995219707489,0.99995219707489
isa_ispvr04_17122021___Isa_ISPVR04_17122021_659220_9995169_659227_9995176.jpg,medium_3-10,3,3,1,0,0.9999996423721313,0.0249656159430742,0.0249656159430742,0.0249656159430742
isa_ispvr04_17122021___Isa_ISPVR04_17122021_659220_9995184_659227_9995191.jpg,sparse_1-2,2,1,0,1,0.9999749660491944,,,
isa_ispvr04_17122021___Isa_ISPVR04_17122021_659227_9995109_659235_9995117.jpg,sparse_1-2,1,1,2,0,0.400995135307312,0.0040002283640205505,0.0054373047314584,0.0025631519965827
isa_ispvr04_17122021___Isa_ISPVR04_17122021_659227_9995117_659235_9995124.jpg,medium_3-10,6,5,0,1,0.9904718518257141,,,
isa_ispvr04_17122021___Isa_ISPVR04_17122021_659227_9995124_659235_9995132.jpg,dense_11+,14,10,0,4,0.9955583870410919,,,
isa_ispvr04_17122021___Isa_ISPVR04_17122021_659227_9995132_659235_9995139.jpg,medium_3-10,10,7,0,3,0.9999886580875942,,,
isa_ispvr04_17122021___Isa_ISPVR04_17122021_659227_9995139_659235_9995146.jpg,medium_3-10,6,6,2,0,0.9906129042307535,0.9999987483024597,0.999998927116394,0.9999985694885254
isa_ispvr04_17122021___Isa_ISPVR04_17122021_659227_9995146_659235_9995154.jpg,dense_11+,20,19,5,1,0.999905316453231,0.9990842938423157,0.999992609024048,0.9971330165863036
isa_ispvr04_17122021___Isa_ISPVR04_17122021_659235_9995094_659242_9995102.jpg,sparse_1-2,1,0,1,1,,,,
isa_ispvr04_17122021___Isa_ISPVR04_17122021_659235_9995109_659242_9995117.jpg,medium_3-10,3,3,0,0,0.9995131293932596,,,
isa_ispvr04_17122021___Isa_ISPVR04_17122021_659235_9995124_659242_9995132.jpg,sparse_1-2,2,2,0,0,0.9999923706054688,,,
isa_ispvr04_17122021___Isa_ISPVR04_17122021_659235_9995132_659242_9995139.jpg,medium_3-10,3,3,0,0,0.9999988873799642,,,
isa_ispvr04_17122021___Isa_ISPVR04_17122021_659235_9995139_659242_9995146.jpg,sparse_1-2,1,1,0,0,0.99999737739563,,,
isa_ispvr04_17122021___Isa_ISPVR04_17122021_659235_9995146_659242_9995154.jpg,sparse_1-2,1,0,1,1,,,,
isa_ispvr04_17122021___Isa_ISPVR04_17122021_659242_9995102_659250_9995109.jpg,sparse_1-2,1,1,0,0,0.999995231628418,,,
isa_ispvr04_17122021___Isa_ISPVR04_17122021_659242_9995117_659250_9995124.jpg,sparse_1-2,1,0,1,1,,,,
isa_ispvr04_17122021___Isa_ISPVR04_17122021_659250_9995087_659257_9995094.jpg,dense_11+,14,11,2,3,0.9973132881251249,0.9838366508483887,0.9999985694885254,0.967674732208252
isa_ispvr04_17122021___Isa_ISPVR04_17122021_659257_9995072_659264_9995080.jpg,sparse_1-2,2,2,0,0,0.999997079372406,,,
isa_ispvr04_17122021___Isa_ISPVR04_17122021_659257_9995080_659264_9995087.jpg,sparse_1-2,1,1,1,0,0.1282060146331787,0.9985087513923644,0.9985087513923644,0.9985087513923644
isa_ispvr04_17122021___Isa_ISPVR04_17122021_659264_9995072_659272_9995080.jpg,medium_3-10,3,3,0,0,0.637747178475062,,,
isa_ispvr04_17122021___Isa_ISPVR04_17122021_659264_9995080_659272_9995087.jpg,sparse_1-2,1,1,0,0,0.9999982118606568,,,
isa_ispvr04_17122021___Isa_ISPVR04_17122021_659264_9995087_659272_9995094.jpg,sparse_1-2,1,1,3,0,0.9999979734420776,0.9969339768091837,0.9999696016311646,0.9920958876609802
isa_ispvr04_17122021___Isa_ISPVR04_17122021_659272_9995005_659279_9995013.jpg,medium_3-10,5,4,0,1,0.999973714351654,,,
isa_ispvr04_17122021___Isa_ISPVR04_17122021_659272_9995050_659279_9995057.jpg,sparse_1-2,1,1,0,0,0.9998363256454468,,,
isa_ispvr04_17122021___Isa_ISPVR04_17122021_659272_9995057_659279_9995065.jpg,medium_3-10,9,8,1,1,0.9999928027391434,0.9999847412109376,0.9999847412109376,0.9999847412109376
isa_ispvr04_17122021___Isa_ISPVR04_17122021_659272_9995065_659279_9995072.jpg,medium_3-10,5,5,1,0,0.8602480590343475,0.9992602467536926,0.9992602467536926,0.9992602467536926
isa_ispvr04_17122021___Isa_ISPVR04_17122021_659272_9995087_659279_9995094.jpg,sparse_1-2,1,1,0,0,0.9999312162399292,,,
isa_ispvr04_17122021___Isa_ISPVR04_17122021_659279_9994961_659287_9994968.jpg,sparse_1-2,2,1,0,1,0.9999998807907104,,,
isa_ispvr04_17122021___Isa_ISPVR04_17122021_659279_9994968_659287_9994976.jpg,dense_11+,13,10,0,3,0.9099189773201942,,,
isa_ispvr04_17122021___Isa_ISPVR04_17122021_659279_9994976_659287_9994983.jpg,dense_11+,18,12,0,6,0.9999927779038748,,,
isa_ispvr04_17122021___Isa_ISPVR04_17122021_659279_9994983_659287_9994991.jpg,medium_3-10,8,4,0,4,0.999992698431015,,,
isa_ispvr04_17122021___Isa_ISPVR04_17122021_659279_9994991_659287_9994998.jpg,medium_3-10,4,4,0,0,0.9960970729589462,,,
isa_ispvr04_17122021___Isa_ISPVR04_17122021_659279_9994998_659287_9995005.jpg,sparse_1-2,2,1,3,1,0.9999961853027344,0.6686067809350789,0.999990701675415,0.0061295717023313
isa_ispvr04_17122021___Isa_ISPVR04_17122021_659279_9995005_659287_9995013.jpg,sparse_1-2,2,2,0,0,0.999849259853363,,,
isa_ispvr04_17122021___Isa_ISPVR04_17122021_659279_9995013_659287_9995020.jpg,sparse_1-2,2,2,0,0,0.9999978542327881,,,
isa_ispvr04_17122021___Isa_ISPVR04_17122021_659279_9995028_659287_9995035.jpg,sparse_1-2,2,1,1,1,0.9999756813049316,0.6095159649848938,0.6095159649848938,0.6095159649848938
isa_ispvr04_17122021___Isa_ISPVR04_17122021_659279_9995035_659287_9995043.jpg,sparse_1-2,2,2,3,0,0.9942840337753296,0.6887600695093473,0.999993085861206,0.0662942752242088
isa_ispvr04_17122021___Isa_ISPVR04_17122021_659279_9995043_659287_9995050.jpg,medium_3-10,3,2,0,1,0.9999668002128601,,,
isa_ispvr04_17122021___Isa_ISPVR04_17122021_659279_9995050_659287_9995057.jpg,dense_11+,14,12,2,2,0.9999937911828359,0.9992645680904388,0.9999657869338988,0.9985633492469788
isa_ispvr04_17122021___Isa_ISPVR04_17122021_659279_9995057_659287_9995065.jpg,medium_3-10,5,4,0,1,0.9999805092811584,,,
isa_ispvr04_17122021___Isa_ISPVR04_17122021_659279_9995065_659287_9995072.jpg,sparse_1-2,1,1,0,0,0.9999990463256836,,,
isa_ispvr04_17122021___Isa_ISPVR04_17122021_659287_9994953_659294_9994961.jpg,medium_3-10,10,8,0,2,0.9999615028500557,,,
isa_ispvr04_17122021___Isa_ISPVR04_17122021_659287_9994961_659294_9994968.jpg,sparse_1-2,2,2,0,0,0.9999780058860779,,,
isa_ispvr04_17122021___Isa_ISPVR04_17122021_659287_9994968_659294_9994976.jpg,sparse_1-2,1,1,0,0,0.9999984502792358,,,
isa_ispvr04_17122021___Isa_ISPVR04_17122021_659287_9994998_659294_9995005.jpg,dense_11+,14,12,0,2,0.9999283154805502,,,
isa_ispvr04_17122021___Isa_ISPVR04_17122021_659287_9995005_659294_9995013.jpg,medium_3-10,4,4,0,0,0.9999892711639404,,,
isa_ispvr04_17122021___Isa_ISPVR04_17122021_659287_9995013_659294_9995020.jpg,medium_3-10,4,4,3,0,0.9999922811985016,0.6950464844703674,0.9995700716972352,0.1853262186050415
isa_ispvr04_17122021___Isa_ISPVR04_17122021_659287_9995020_659294_9995028.jpg,medium_3-10,4,3,0,1,0.9525894323984782,,,
isa_ispvr04_17122021___Isa_ISPVR04_17122021_659294_9994931_659301_9994939.jpg,medium_3-10,3,1,0,2,0.9999855756759644,,,
isa_ispvr04_17122021___Isa_ISPVR04_17122021_659294_9994939_659301_9994946.jpg,medium_3-10,4,4,0,0,0.9999211132526398,,,
isa_ispvr04_17122021___Isa_ISPVR04_17122021_659294_9994946_659301_9994953.jpg,sparse_1-2,1,1,0,0,0.9999536275863647,,,
isa_ispvr04_17122021___Isa_ISPVR04_17122021_659294_9994953_659301_9994961.jpg,medium_3-10,10,9,0,1,0.9999202887217203,,,
isa_ispvr04_17122021___Isa_ISPVR04_17122021_659294_9994983_659301_9994991.jpg,sparse_1-2,1,1,0,0,0.9999938011169434,,,
isa_ispvr04_17122021___Isa_ISPVR04_17122021_659294_9994991_659301_9994998.jpg,dense_11+,77,72,0,5,0.9999867387943797,,,
isa_ispvr04_17122021___Isa_ISPVR04_17122021_659294_9994998_659301_9995005.jpg,sparse_1-2,1,1,0,0,0.9999980926513672,,,
isa_ispvr04_17122021___Isa_ISPVR04_17122021_659294_9995005_659301_9995013.jpg,sparse_1-2,1,1,0,0,0.999996542930603,,,
isa_ispvr04_17122021___Isa_ISPVR04_17122021_659294_9995013_659301_9995020.jpg,sparse_1-2,1,1,0,0,0.9999954700469972,,,
isa_ispvr04_17122021___Isa_ISPVR04_17122021_659301_9994798_659309_9994805.jpg,sparse_1-2,1,1,0,0,0.9999496936798096,,,
isa_ispvr04_17122021___Isa_ISPVR04_17122021_659301_9994805_659309_9994812.jpg,sparse_1-2,1,1,1,0,0.9999457597732544,0.1834823936223983,0.1834823936223983,0.1834823936223983
isa_ispvr04_17122021___Isa_ISPVR04_17122021_659301_9994924_659309_9994931.jpg,medium_3-10,3,3,0,0,0.9300231337547302,,,
isa_ispvr04_17122021___Isa_ISPVR04_17122021_659309_9994798_659316_9994805.jpg,medium_3-10,5,4,2,1,0.9999910891056061,0.7446620017290115,0.9936803579330444,0.4956436455249786
isa_ispvr04_17122021___Isa_ISPVR04_17122021_659309_9994805_659316_9994812.jpg,dense_11+,11,5,0,6,0.821134340763092,,,
isa_ispvr04_17122021___Isa_ISPVR04_17122021_659309_9994894_659316_9994902.jpg,sparse_1-2,1,1,0,0,0.9999955892562866,,,
isa_ispvr04_17122021___Isa_ISPVR04_17122021_659309_9994902_659316_9994909.jpg,sparse_1-2,1,1,1,0,0.0747574269771575,0.0113424323499202,0.0113424323499202,0.0113424323499202
isa_ispvr04_17122021___Isa_ISPVR04_17122021_659309_9994909_659316_9994916.jpg,sparse_1-2,2,2,0,0,0.9999963641166686,,,
isa_ispvr04_17122021___Isa_ISPVR04_17122021_659309_9994916_659316_9994924.jpg,dense_11+,25,20,0,5,0.9999975144863129,,,
isa_ispvr04_17122021___Isa_ISPVR04_17122021_659309_9994924_659316_9994931.jpg,sparse_1-2,2,1,0,1,0.999997854232788,,,
isa_ispvr04_17122021___Isa_ISPVR04_17122021_659316_9994805_659324_9994812.jpg,sparse_1-2,2,2,0,0,0.9999991655349731,,,
isa_ispvr04_17122021___Isa_ISPVR04_17122021_659316_9994812_659324_9994820.jpg,sparse_1-2,2,1,1,1,0.9999499320983888,0.9995866417884828,0.9995866417884828,0.9995866417884828
isa_ispvr04_17122021___Isa_ISPVR04_17122021_659316_9994879_659324_9994887.jpg,sparse_1-2,1,1,0,0,0.355965256690979,,,
isa_ispvr04_17122021___Isa_ISPVR04_17122021_659316_9994887_659324_9994894.jpg,medium_3-10,8,6,0,2,0.9999821384747823,,,
isa_ispvr04_17122021___Isa_ISPVR04_17122021_659316_9994894_659324_9994902.jpg,dense_11+,20,16,0,4,0.9931769892573357,,,
isa_ispvr04_17122021___Isa_ISPVR04_17122021_659316_9994902_659324_9994909.jpg,dense_11+,14,11,0,3,0.9991638443686746,,,
isa_ispvr04_17122021___Isa_ISPVR04_17122021_659316_9994909_659324_9994916.jpg,medium_3-10,5,4,0,1,0.8405714109539986,,,
isa_ispvr04_17122021___Isa_ISPVR04_17122021_659324_9994798_659331_9994805.jpg,sparse_1-2,1,1,1,0,0.9997064471244812,0.009742584079504,0.009742584079504,0.009742584079504
isa_ispvr04_17122021___Isa_ISPVR04_17122021_659324_9994805_659331_9994812.jpg,sparse_1-2,1,1,1,0,0.9970402121543884,0.0321213528513908,0.0321213528513908,0.0321213528513908
isa_ispvr04_17122021___Isa_ISPVR04_17122021_659324_9994872_659331_9994879.jpg,medium_3-10,7,6,2,1,0.9981025556723276,0.9999710917472839,0.9999901056289672,0.9999520778656006
isa_ispvr04_17122021___Isa_ISPVR04_17122021_659324_9994879_659331_9994887.jpg,medium_3-10,3,2,2,1,0.9999924302101135,0.6704768389463425,0.968565821647644,0.3723878562450409
isa_ispvr04_17122021___Isa_ISPVR04_17122021_659324_9994887_659331_9994894.jpg,dense_11+,17,12,1,5,0.9999754677216212,0.9995574355125428,0.9995574355125428,0.9995574355125428
isa_ispvr04_17122021___Isa_ISPVR04_17122021_659324_9994894_659331_9994902.jpg,medium_3-10,4,3,1,1,0.9990431269009908,0.9999991655349731,0.9999991655349731,0.9999991655349731
isa_ispvr04_17122021___Isa_ISPVR04_17122021_659324_9994902_659331_9994909.jpg,sparse_1-2,2,2,0,0,0.9999984502792358,,,
isa_ispvr04_17122021___Isa_ISPVR04_17122021_659331_9994805_659339_9994812.jpg,dense_11+,12,12,0,0,0.9999947746594747,,,
isa_ispvr04_17122021___Isa_ISPVR04_17122021_659331_9994850_659339_9994857.jpg,sparse_1-2,1,1,1,0,0.9659161567687988,0.0175416097044944,0.0175416097044944,0.0175416097044944
isa_ispvr04_17122021___Isa_ISPVR04_17122021_659331_9994857_659339_9994864.jpg,medium_3-10,4,4,1,0,0.8125038295984268,0.0627435818314552,0.0627435818314552,0.0627435818314552
isa_ispvr04_17122021___Isa_ISPVR04_17122021_659331_9994864_659339_9994872.jpg,dense_11+,12,11,1,1,0.9998516115275297,0.9008420705795288,0.9008420705795288,0.9008420705795288
isa_ispvr04_17122021___Isa_ISPVR04_17122021_659331_9994872_659339_9994879.jpg,dense_11+,30,21,0,9,0.9999425751822335,,,
isa_ispvr04_17122021___Isa_ISPVR04_17122021_659331_9994879_659339_9994887.jpg,dense_11+,26,21,0,5,0.9998663436798823,,,
isa_ispvr04_17122021___Isa_ISPVR04_17122021_659331_9994887_659339_9994894.jpg,sparse_1-2,1,1,0,0,0.9999991655349731,,,
isa_ispvr04_17122021___Isa_ISPVR04_17122021_659331_9994902_659339_9994909.jpg,sparse_1-2,1,1,0,0,0.9999972581863404,,,
isa_ispvr04_17122021___Isa_ISPVR04_17122021_659331_9994909_659339_9994916.jpg,sparse_1-2,2,2,0,0,0.9999969005584717,,,
isa_ispvr04_17122021___Isa_ISPVR04_17122021_659339_9994812_659346_9994820.jpg,dense_11+,15,15,2,0,0.9942142764727274,0.5679183900356293,0.7473868131637573,0.3884499669075012
isa_ispvr04_17122021___Isa_ISPVR04_17122021_659339_9994820_659346_9994827.jpg,dense_11+,21,20,5,1,0.9499322783201933,0.8814016938209533,0.99999737739563,0.4103636741638183
isa_ispvr04_17122021___Isa_ISPVR04_17122021_659339_9994842_659346_9994850.jpg,medium_3-10,5,5,0,0,0.9992421865463257,,,
isa_ispvr04_17122021___Isa_ISPVR04_17122021_659339_9994850_659346_9994857.jpg,dense_11+,11,7,0,4,0.9998330218451363,,,
isa_ispvr04_17122021___Isa_ISPVR04_17122021_659339_9994857_659346_9994864.jpg,dense_11+,14,12,0,2,0.9895566751559576,,,
isa_ispvr04_17122021___Isa_ISPVR04_17122021_659339_9994864_659346_9994872.jpg,dense_11+,11,8,1,3,0.9999982863664627,0.5902187824249268,0.5902187824249268,0.5902187824249268
isa_ispvr04_17122021___Isa_ISPVR04_17122021_659339_9994872_659346_9994879.jpg,dense_11+,11,11,0,0,0.9996221553195607,,,
isa_ispvr04_17122021___Isa_ISPVR04_17122021_659339_9994879_659346_9994887.jpg,sparse_1-2,2,2,0,0,0.9133206009864807,,,
isa_ispvr04_17122021___Isa_ISPVR04_17122021_659339_9994887_659346_9994894.jpg,sparse_1-2,1,1,1,0,0.9999984502792358,0.4629212915897369,0.4629212915897369,0.4629212915897369
isa_ispvr04_17122021___Isa_ISPVR04_17122021_659339_9994902_659346_9994909.jpg,sparse_1-2,1,1,0,0,0.9999988079071044,,,
isa_ispvr04_17122021___Isa_ISPVR04_17122021_659346_9994812_659353_9994820.jpg,medium_3-10,3,3,1,0,0.9999754826227824,0.96222323179245,0.96222323179245,0.96222323179245
isa_ispvr04_17122021___Isa_ISPVR04_17122021_659346_9994827_659353_9994835.jpg,medium_3-10,3,3,0,0,0.9999967416127523,,,
isa_ispvr04_17122021___Isa_ISPVR04_17122021_659346_9994864_659353_9994872.jpg,sparse_1-2,1,1,4,0,0.999998927116394,0.9790373593568802,0.9999489784240724,0.9575446248054504
isa_ispvr04_17122021___Isa_ISPVR04_17122021_659346_9994872_659353_9994879.jpg,sparse_1-2,2,2,0,0,0.999989092350006,,,
isa_ispvr04_17122021___Isa_ISPVR04_17122021_659353_9994827_659361_9994835.jpg,sparse_1-2,1,0,1,1,,,,
isa_ispvr04_17122021___Isa_ISPVR04_17122021_659353_9994842_659361_9994850.jpg,sparse_1-2,2,2,0,0,0.9999992847442628,,,
scruz_scm01_06012023___Scruz_SCM01_06012023_799637_9917815_799645_9917823.jpg,sparse_1-2,2,1,0,1,0.9996761083602904,,,
scruz_scm01_06012023___Scruz_SCM01_06012023_799660_9917838_799667_9917845.jpg,medium_3-10,3,3,0,0,0.9999907811482748,,,
scruz_scm01_06012023___Scruz_SCM01_06012023_799660_9917867_799667_9917875.jpg,sparse_1-2,1,1,0,0,0.9999908208847046,,,
scruz_scm01_06012023___Scruz_SCM01_06012023_799660_9917875_799667_9917882.jpg,medium_3-10,4,4,0,0,0.9999971091747284,,,
scruz_scm01_06012023___Scruz_SCM01_06012023_799667_9917830_799674_9917838.jpg,sparse_1-2,1,1,0,0,0.9928405284881592,,,
scruz_scm01_06012023___Scruz_SCM01_06012023_799667_9917867_799674_9917875.jpg,sparse_1-2,2,2,0,0,0.6286679953336715,,,
scruz_scm01_06012023___Scruz_SCM01_06012023_799667_9917875_799674_9917882.jpg,sparse_1-2,1,1,0,0,0.9936805963516236,,,
scruz_scm01_06012023___Scruz_SCM01_06012023_799689_9917882_799697_9917890.jpg,sparse_1-2,1,1,0,0,0.9999995231628418,,,
scruz_scm01_06012023___Scruz_SCM01_06012023_799697_9917808_799704_9917815.jpg,sparse_1-2,1,1,1,0,0.9838969707489014,0.0483989678323268,0.0483989678323268,0.0483989678323268
scruz_scm01_06012023___Scruz_SCM01_06012023_799697_9917875_799704_9917882.jpg,sparse_1-2,1,1,0,0,0.999996781349182,,,
scruz_scm01_06012023___Scruz_SCM01_06012023_799697_9917890_799704_9917897.jpg,sparse_1-2,1,1,1,0,0.9999984502792358,0.7210531234741211,0.7210531234741211,0.7210531234741211
scruz_scm01_06012023___Scruz_SCM01_06012023_799697_9917905_799704_9917912.jpg,sparse_1-2,1,1,0,0,0.9999871253967284,,,
scruz_scm01_06012023___Scruz_SCM01_06012023_799704_9917815_799712_9917823.jpg,sparse_1-2,1,1,1,0,0.3952591121196747,0.013259251601994,0.013259251601994,0.013259251601994
scruz_scm01_06012023___Scruz_SCM01_06012023_799704_9917905_799712_9917912.jpg,medium_3-10,5,4,0,1,0.9999966025352477,,,
scruz_scm01_06012023___Scruz_SCM01_06012023_799704_9917912_799712_9917919.jpg,dense_11+,14,12,0,2,0.9999971290429434,,,
scruz_scm01_06012023___Scruz_SCM01_06012023_799712_9917905_799719_9917912.jpg,sparse_1-2,1,1,0,0,0.9999977350234984,,,
scruz_scm01_06012023___Scruz_SCM01_06012023_799727_9917882_799734_9917890.jpg,sparse_1-2,1,1,0,0,0.99998676776886,,,
scruz_scm01_06012023___Scruz_SCM01_06012023_799727_9917919_799734_9917927.jpg,sparse_1-2,1,1,0,0,0.9999996423721312,,,
scruz_scm01_06012023___Scruz_SCM01_06012023_799734_9917830_799741_9917838.jpg,sparse_1-2,1,0,1,1,,,,
scruz_scm01_06012023___Scruz_SCM01_06012023_799734_9917852_799741_9917860.jpg,sparse_1-2,1,1,0,0,0.9999552965164183,,,
scruz_scm01_06012023___Scruz_SCM01_06012023_799734_9917882_799741_9917890.jpg,sparse_1-2,1,1,0,0,0.999397873878479,,,
scruz_scm01_06012023___Scruz_SCM01_06012023_799734_9917890_799741_9917897.jpg,sparse_1-2,1,0,1,1,,,,
scruz_scm01_06012023___Scruz_SCM01_06012023_799734_9917927_799741_9917934.jpg,medium_3-10,3,2,0,1,0.9999947547912598,,,
scruz_scm01_06012023___Scruz_SCM01_06012023_799749_9917845_799756_9917852.jpg,sparse_1-2,1,1,0,0,0.9999778270721436,,,
scruz_scm01_06012023___Scruz_SCM01_06012023_799756_9917890_799764_9917897.jpg,sparse_1-2,1,1,2,0,0.0499824471771717,0.00993243916309435,0.0189593601971864,0.0009055181290023
scruz_scm01_06012023___Scruz_SCM01_06012023_799756_9917912_799764_9917919.jpg,sparse_1-2,1,1,3,0,0.0004480787320062,0.0535932842176407,0.0879920050501823,0.0014224539045244
scruz_scm01_06012023___Scruz_SCM01_06012023_799764_9917890_799771_9917897.jpg,sparse_1-2,1,1,0,0,0.9999961853027344,,,
scruz_scm01_06012023___Scruz_SCM01_06012023_799771_9917919_799779_9917927.jpg,medium_3-10,3,3,0,0,0.999985933303833,,,
scruz_scm01_06012023___Scruz_SCM01_06012023_799779_9917815_799786_9917823.jpg,sparse_1-2,1,1,0,0,0.9999488592147828,,,
scruz_scm01_06012023___Scruz_SCM01_06012023_799779_9917845_799786_9917852.jpg,sparse_1-2,1,1,0,0,0.959525465965271,,,
scruz_scm01_06012023___Scruz_SCM01_06012023_799779_9917897_799786_9917905.jpg,sparse_1-2,1,1,0,0,0.9994366765022278,,,
scruz_scm01_06012023___Scruz_SCM01_06012023_799779_9917919_799786_9917927.jpg,medium_3-10,3,2,0,1,0.979779988527298,,,
scruz_scm01_06012023___Scruz_SCM01_06012023_799779_9917927_799786_9917934.jpg,sparse_1-2,1,1,1,0,0.999966025352478,0.7366975545883179,0.7366975545883179,0.7366975545883179
scruz_scm01_06012023___Scruz_SCM01_06012023_799779_9917949_799786_9917957.jpg,sparse_1-2,1,1,0,0,0.9999949932098388,,,
scruz_scm01_06012023___Scruz_SCM01_06012023_799786_9917905_799794_9917912.jpg,sparse_1-2,1,1,0,0,0.9999977350234984,,,
scruz_scm01_06012023___Scruz_SCM01_06012023_799794_9917800_799801_9917808.jpg,sparse_1-2,1,1,0,0,0.9859036803245544,,,
scruz_scm01_06012023___Scruz_SCM01_06012023_799794_9917860_799801_9917867.jpg,medium_3-10,3,1,0,2,0.9998823404312134,,,
scruz_scm01_06012023___Scruz_SCM01_06012023_799801_9917800_799808_9917808.jpg,sparse_1-2,2,1,0,1,0.9809619784355164,,,
scruz_scm01_06012023___Scruz_SCM01_06012023_799808_9917793_799816_9917800.jpg,sparse_1-2,1,0,1,1,,,,
scruz_scm01_06012023___Scruz_SCM01_06012023_799808_9917800_799816_9917808.jpg,sparse_1-2,2,2,0,0,0.20135370455682275,,,
scruz_scm01_06012023___Scruz_SCM01_06012023_799808_9917808_799816_9917815.jpg,sparse_1-2,1,1,3,0,0.0323842912912368,0.0021095694974064333,0.0041999821551144,0.0002293562283739
scruz_scm01_06012023___Scruz_SCM01_06012023_799808_9917860_799816_9917867.jpg,sparse_1-2,1,1,0,0,0.9999924898147584,,,
scruz_scm01_06012023___Scruz_SCM01_06012023_799808_9917875_799816_9917882.jpg,sparse_1-2,1,1,0,0,0.9999934434890748,,,
scruz_scm01_06012023___Scruz_SCM01_06012023_799816_9917785_799823_9917793.jpg,sparse_1-2,1,1,0,0,0.9999440908432008,,,
scruz_scm01_06012023___Scruz_SCM01_06012023_799816_9917815_799823_9917823.jpg,sparse_1-2,1,1,1,0,0.999948501586914,0.2382382303476333,0.2382382303476333,0.2382382303476333
scruz_scm01_06012023___Scruz_SCM01_06012023_799816_9917823_799823_9917830.jpg,sparse_1-2,2,1,0,1,0.9508858919143676,,,
scruz_scm01_06012023___Scruz_SCM01_06012023_799816_9917867_799823_9917875.jpg,sparse_1-2,1,0,1,1,,,,
scruz_scm01_06012023___Scruz_SCM01_06012023_799831_9917800_799838_9917808.jpg,sparse_1-2,1,0,1,1,,,,
scruz_scplf01_15012023___Scruz_SCPLF01_15012023_814649_9935096_814656_9935104.jpg,sparse_1-2,1,1,0,0,0.9949249029159546,,,
scruz_scplf01_15012023___Scruz_SCPLF01_15012023_814656_9935081_814664_9935089.jpg,medium_3-10,3,3,0,0,0.9999703963597616,,,
scruz_scplf01_15012023___Scruz_SCPLF01_15012023_814828_9935200_814835_9935208.jpg,sparse_1-2,1,1,0,0,0.9889877438545228,,,
scruz_scplf01_15012023___Scruz_SCPLF01_15012023_814857_9935141_814865_9935148.jpg,sparse_1-2,1,1,1,0,0.8892662525177002,0.569871187210083,0.569871187210083,0.569871187210083
scruz_scplf01_15012023___Scruz_SCPLF01_15012023_814857_9935185_814865_9935193.jpg,sparse_1-2,1,1,0,0,0.9999921321868896,,,
scruz_scplf01_15012023___Scruz_SCPLF01_15012023_814865_9935133_814872_9935141.jpg,sparse_1-2,1,1,0,0,0.9999951124191284,,,
